<component name="ProjectRunConfigurationManager">
  <configuration default="false" name="Continuous compilation" type="GradleRunConfiguration" factoryName="Gradle">
    <log_file alias="idea.log" path="$PROJECT_DIR$/build/idea-sandbox/system/log/idea.log" />
    <ExternalSystemSettings>
      <option name="executionName" />
      <option name="externalProjectPath" value="$PROJECT_DIR$" />
      <option name="externalSystemIdString" value="GRADLE" />
      <option name="scriptParameters" value="--continuous" />
      <option name="taskDescriptions">
        <list />
      </option>
      <option name="taskNames">
        <list>
          <option value="compileContinuous" />
        </list>
      </option>
      <option name="vmOptions" value="" />
    </ExternalSystemSettings>
    <ExternalSystemDebugServerProcess>true</ExternalSystemDebugServerProcess>
    <ExternalSystemReattachDebugProcess>true</ExternalSystemReattachDebugProcess>
    <DebugAllEnabled>false</DebugAllEnabled>
    <RunAsTest>false</RunAsTest>
    <method v="2" />
  </configuration>
  <configuration default="false" name="Run" type="GradleRunConfiguration" factoryName="Gradle">
    <log_file alias="idea.log" path="$PROJECT_DIR$/build/idea-sandbox/system/log/idea.log" />
    <ExternalSystemSettings>
      <option name="executionName" />
      <option name="externalProjectPath" value="$PROJECT_DIR$" />
      <option name="externalSystemIdString" value="GRADLE" />
      <option name="scriptParameters" value="" />
      <option name="taskDescriptions">
        <list />
      </option>
      <option name="taskNames">
        <list>
          <option value="run" />
        </list>
      </option>
      <option name="vmOptions" value="" />
    </ExternalSystemSettings>
    <ExternalSystemDebugServerProcess>true</ExternalSystemDebugServerProcess>
    <ExternalSystemReattachDebugProcess>true</ExternalSystemReattachDebugProcess>
    <DebugAllEnabled>false</DebugAllEnabled>
    <RunAsTest>false</RunAsTest>
    <method v="2" />
  </configuration>
  <configuration default="false" name="Compile" type="GradleRunConfiguration" factoryName="Gradle">
    <log_file alias="idea.log" path="$PROJECT_DIR$/build/idea-sandbox/system/log/idea.log" />
    <ExternalSystemSettings>
      <option name="executionName" />
      <option name="externalProjectPath" value="$PROJECT_DIR$" />
      <option name="externalSystemIdString" value="GRADLE" />
      <option name="scriptParameters" value="" />
      <option name="taskDescriptions">
        <list />
      </option>
      <option name="taskNames">
        <list>
          <option value="compile" />
        </list>
      </option>
      <option name="vmOptions" value="" />
    </ExternalSystemSettings>
    <ExternalSystemDebugServerProcess>true</ExternalSystemDebugServerProcess>
    <ExternalSystemReattachDebugProcess>true</ExternalSystemReattachDebugProcess>
    <DebugAllEnabled>false</DebugAllEnabled>
    <RunAsTest>false</RunAsTest>
    <method v="2" />
  </configuration>
  <configuration default="false" name="Run" type="GradleRunConfiguration" factoryName="Gradle">
    <log_file alias="idea.log" path="$PROJECT_DIR$/build/idea-sandbox/system/log/idea.log" />
    <ExternalSystemSettings>
      <option name="executionName" />
      <option name="externalProjectPath" value="$PROJECT_DIR$" />
      <option name="externalSystemIdString" value="GRADLE" />
      <option name="scriptParameters" value="" />
      <option name="taskDescriptions">
        <list />
      </option>
      <option name="taskNames">
        <list>
          <option value="run" />
        </list>
      </option>
      <option name="vmOptions" value="" />
    </ExternalSystemSettings>
    <ExternalSystemDebugServerProcess>true</ExternalSystemDebugServerProcess>
    <ExternalSystemReattachDebugProcess>true</ExternalSystemReattachDebugProcess>
    <DebugAllEnabled>false</DebugAllEnabled>
    <RunAsTest>false</RunAsTest>
    <method v="2" />
  </configuration>
  <configuration default="false" name="Webpack" type="GradleRunConfiguration" factoryName="Gradle">
    <log_file alias="idea.log" path="$PROJECT_DIR$/build/idea-sandbox/system/log/idea.log" />
    <ExternalSystemSettings>
      <option name="executionName" />
      <option name="externalProjectPath" value="$PROJECT_DIR$" />
      <option name="externalSystemIdString" value="GRADLE" />
      <option name="scriptParameters" value="" />
      <option name="taskDescriptions">
        <list />
      </option>
      <option name="taskNames">
        <list>
          <option value="webpack" />
        </list>
      </option>
      <option name="vmOptions" value="" />
    </ExternalSystemSettings>
    <ExternalSystemDebugServerProcess>true</ExternalSystemDebugServerProcess>
    <ExternalSystemReattachDebugProcess>true</ExternalSystemReattachDebugProcess>
    <DebugAllEnabled>false</DebugAllEnabled>
    <RunAsTest>false</RunAsTest>
    <method v="2" />
  </configuration>
  <configuration default="false" name="Run" type="GradleRunConfiguration" factoryName="Gradle">
    <log_file alias="idea.log" path="$PROJECT_DIR$/build/idea-sandbox/system/log/idea.log" />
    <ExternalSystemSettings>
      <option name="executionName" />
      <option name="externalProjectPath" value="$PROJECT_DIR$" />
      <option name="externalSystemIdString" value="GRADLE" />
      <option name="scriptParameters" value="" />
      <option name="taskDescriptions">
        <list />
      </option>
      <option name="taskNames">
        <list>
          <option value="run" />
        </list>
      </option>
      <option name="vmOptions" value="" />
    </ExternalSystemSettings>
    <ExternalSystemDebugServerProcess>true</ExternalSystemDebugServerProcess>
    <ExternalSystemReattachDebugProcess>true</ExternalSystemReattachDebugProcess>
    <DebugAllEnabled>false</DebugAllEnabled>
    <RunAsTest>false</RunAsTest>
    <method v="2" />
  </configuration>
</component>